,mean_day,yerror
NOR,172520.1153202359,49376.05335940594
FRA,1181847.491132209,228461.1139564803
ESP,556707.6956194842,80300.67079041504
SWE,207926.52659365785,48707.50571492571
ITA,766864.388505277,94200.16231895593
